{
  "materialMappings": {
    "ardite_plate": 1411,
    "amber_block": 1785,
    "coal_crystal": 9,
    "boron_nugget": 845,
    "nickel_dust": 1240,
    "terrasteel_nugget": 497,
    "rose_gold_beam": 1537,
    "peridot_beam": 433,
    "gold_rod": 18,
    "gaia_ingot": 516,
    "chaotic_rod": 558,
    "kanthal_plate": 1495,
    "demonic_metal_crystal": 741,
    "quartz_gear": 26,
    "terrasteel_plate": 499,
    "quartz_crushed_ore": 34,
    "silicon_crystal": 1173,
    "graphite_ingot": 924,
    "thorium_bolt": 879,
    "manyullyn_ingot": 1416,
    "spectraclium_bolt": 1743,
    "spectraclium_rod": 1746,
    "bronze_nugget": 1289,
    "quartz_enriched_iron_gear": 1034,
    "unstable_casing": 767,
    "black_iron_dense_plate": 668,
    "enori_dust": 184,
    "adamantine_plate": 319,
    "ender_nugget": 701,
    "magnesium_bolt": 867,
    "chaotic_crushed_ore": 562,
    "fiery_ingot": 1464,
    "spectraclium_dust": 1744,
    "fiery_casing": 1475,
    "sterling_silver_ingot": 1548,
    "silver_crushed_ore": 1222,
    "platinum_casing": 1259,
    "knightslime_bolt": 1431,
    "gaia_block": 1794,
    "titanium_bolt": 1059,
    "iridium_alloy_casing": 1127,
    "pladium_beam": 613,
    "magnesium_dust": 868,
    "unstable_crushed_ore": 766,
    "demonic_metal_block": 1812,
    "obsidian_plate": 103,
    "magnalium_crystal": 1533,
    "fiery_dense_plate": 1472,
    "quartz_enriched_iron_crystal": 1041,
    "black_quartz_crushed_ore": 202,
    "brass_ingot": 1332,
    "red_garnet_block": 1842,
    "redstonia_plate": 127,
    "cobalt_brass_crushed_ore": 1618,
    "electrum_flux_crystal": 1029,
    "titanium_dust": 1060,
    "thorium_dust": 880,
    "graphite_block": 1828,
    "beryllium_crystal": 837,
    "antimony_casing": 335,
    "red_garnet_ingot": 1128,
    "amber_ingot": 408,
    "tungstensteel_block": 1839,
    "stainless_steel_casing": 1607,
    "chaotic_casing": 563,
    "chromodium_beam": 1717,
    "advanced_alloy_plate": 1111,
    "topaz_crushed_ore": 430,
    "purple_steel_plate": 1675,
    "refined_obsidian_casing": 803,
    "aethium_casing": 647,
    "zinc_ingot": 300,
    "sterling_silver_nugget": 1553,
    "moonstone_casing": 755,
    "mirion_crushed_ore": 970,
    "manganese_crystal": 921,
    "niobium_titanium_crystal": 1569,
    "knightslime_crushed_ore": 1438,
    "ruby_gear": 398,
    "malachite_rod": 450,
    "ultimate_beam": 685,
    "litherite_casing": 587,
    "elven_elementium_crushed_ore": 514,
    "beryllium_nugget": 833,
    "erodium_beam": 589,
    "electrical_crushed_ore": 226,
    "white_gold_block": 1915,
    "titanium_aluminide_casing": 275,
    "red_steel_dense_plate": 1592,
    "magnesium_rod": 870,
    "moonstone_beam": 745,
    "ironwood_dust": 1456,
    "red_alloy_casing": 1667,
    "nichrome_casing": 1511,
    "iridium_gear": 1274,
    "diamatine_ingot": 144,
    "refined_obsidian_crystal": 801,
    "nickel_bolt": 1239,
    "bismuth_bronze_gear": 1622,
    "amber_dense_plate": 416,
    "ironwood_bolt": 1455,
    "lumium_nugget": 1373,
    "electrum_casing": 1307,
    "black_steel_plate": 1651,
    "ardite_dust": 1408,
    "void_crystal_gear": 158,
    "mercury_beam": 361,
    "ruby_plate": 403,
    "fluxalitium_beam": 1729,
    "enchanted_metal_bolt": 723,
    "lapis_bolt": 51,
    "bismuth_crystal": 297,
    "bismuth_bronze_bolt": 1623,
    "voidensteel_crystal": 1689,
    "quartz_bolt": 27,
    "thorium_gear": 878,
    "aethium_block": 1804,
    "gaia_dense_plate": 524,
    "iridium_alloy_plate": 1123,
    "alumite_crushed_ore": 946,
    "evil_metal_ingot": 768,
    "obsidian_rod": 102,
    "wrought_iron_crystal": 1161,
    "lonsdaleite_ingot": 648,
    "niobium_titanium_rod": 1566,
    "aethium_crushed_ore": 646,
    "lapis_dust": 52,
    "ultimate_dense_plate": 692,
    "emerald_crystal": 81,
    "bismuth_bronze_dust": 1624,
    "tungstensteel_ingot": 1092,
    "coal_gear": 2,
    "red_steel_rod": 1590,
    "bronze_gear": 1286,
    "zinc_rod": 306,
    "magnesium_gear": 866,
    "lonsdaleite_block": 1805,
    "bismuth_bronze_casing": 1631,
    "aquarium_dust": 376,
    "knightslime_gear": 1430,
    "peridot_ingot": 432,
    "spectrite_ingot": 1044,
    "iron_ingot": 84,
    "steeleaf_casing": 1883,
    "quartz_enriched_iron_dust": 1036,
    "lapis_crushed_ore": 58,
    "elven_elementium_rod": 510,
    "crystaltine_crystal": 681,
    "emerald_ingot": 72,
    "brass_dense_plate": 1340,
    "graphite_dust": 928,
    "palis_plate": 139,
    "refined_glowstone_casing": 815,
    "aquarium_bolt": 375,
    "enchanted_metal_dust": 724,
    "diamatine_dense_plate": 152,
    "draconium_awakened_rod": 546,
    "quartz_dust": 28,
    "stainless_steel_ingot": 1596,
    "evil_metal_block": 1815,
    "black_steel_beam": 1645,
    "lonsdaleite_dense_plate": 656,
    "invar_ingot": 1344,
    "blue_steel_crushed_ore": 1582,
    "magnesium_crystal": 873,
    "ender_plate": 703,
    "bronze_plate": 1291,
    "redstonia_casing": 131,
    "fluxalitium_dense_plate": 1736,
    "brass_block": 1859,
    "pewter_beam": 385,
    "signalum_dust": 1360,
    "red_garnet_crystal": 1137,
    "starsteel_rod": 354,
    "rose_gold_dense_plate": 1544,
    "lapis_ingot": 48,
    "invar_beam": 1345,
    "dawnstone_plate": 571,
    "ultimate_casing": 695,
    "spectraclium_plate": 1747,
    "lithium_dense_plate": 824,
    "iron_nugget": 89,
    "cobalt_brass_casing": 1619,
    "fiery_block": 1870,
    "ruby_dust": 400,
    "spectraclium_nugget": 1745,
    "graphite_crushed_ore": 934,
    "manyullyn_crystal": 1425,
    "iridium_alloy_dense_plate": 1124,
    "litherite_bolt": 579,
    "electrical_nugget": 221,
    "red_garnet_dust": 1132,
    "ender_rod": 702,
    "pladium_casing": 623,
    "kanthal_gear": 1490,
    "red_garnet_bolt": 1131,
    "graphite_bolt": 927,
    "ruby_bolt": 399,
    "void_steel_casing": 1896,
    "copper_plate": 1183,
    "diamatine_crushed_ore": 154,
    "magnalium_gear": 1526,
    "knightmetal_casing": 1487,
    "ionite_crystal": 633,
    "ionite_ingot": 624,
    "pladium_plate": 619,
    "titanium_iridium_plate": 283,
    "beryllium_dense_plate": 836,
    "yellow_garnet_casing": 1151,
    "copper_casing": 1187,
    "quartz_enriched_iron_bolt": 1035,
    "diamatine_block": 1763,
    "enderium_plate": 1387,
    "lithium_beam": 817,
    "litherite_dust": 580,
    "galvanized_steel_plate": 859,
    "zinc_dust": 304,
    "elven_elementium_beam": 505,
    "terrasteel_beam": 493,
    "iridium_bolt": 1275,
    "cobalt_brass_beam": 1609,
    "osmiridium_dust": 976,
    "blue_steel_crystal": 1581,
    "ionite_nugget": 629,
    "ardite_bolt": 1407,
    "void_crystal_plate": 163,
    "black_bronze_ingot": 1632,
    "signalum_bolt": 1359,
    "invar_dense_plate": 1352,
    "zinc_bolt": 303,
    "manyullyn_block": 1866,
    "nichromium_rod": 1710,
    "iridium_dust": 1276,
    "osmiridium_bolt": 975,
    "coal_crushed_ore": 10,
    "steeleaf_crushed_ore": 1882,
    "ironwood_gear": 1454,
    "ender_enhanced_crystal": 717,
    "advanced_alloy_rod": 1110,
    "silver_ingot": 1212,
    "brass_crushed_ore": 1342,
    "thorium_casing": 887,
    "diamond_casing": 71,
    "tin_alloy_crushed_ore": 1522,
    "litherite_ingot": 576,
    "topaz_casing": 431,
    "void_crystal_bolt": 159,
    "lapis_gear": 50,
    "silicon_rod": 1170,
    "dawnstone_dust": 568,
    "nichromium_nugget": 1709,
    "mithril_dense_plate": 1268,
    "malachite_casing": 455,
    "titanium_aluminide_gear": 266,
    "manganese_dust": 916,
    "bronze_dust": 1288,
    "obsidian_crushed_ore": 106,
    "litherite_crushed_ore": 586,
    "void_crystal_dust": 160,
    "signalum_dense_plate": 1364,
    "osgloglas_rod": 954,
    "dawnstone_bolt": 567,
    "bronze_bolt": 1287,
    "ender_enhanced_plate": 715,
    "erodium_plate": 595,
    "enori_rod": 186,
    "sterling_silver_rod": 1554,
    "titanium_rod": 1062,
    "manganese_bolt": 915,
    "pig_iron_ingot": 1440,
    "blue_steel_rod": 1578,
    "electrum_flux_ingot": 1020,
    "lithium_crushed_ore": 826,
    "kanthal_nugget": 1493,
    "lava_crystal_bolt": 207,
    "nether_star_beam": 109,
    "magnalium_casing": 1535,
    "mirion_rod": 966,
    "quartz_block": 1753,
    "black_quartz_dust": 196,
    "voidensteel_block": 1914,
    "aquarium_gear": 374,
    "ionite_gear": 626,
    "emerald_crushed_ore": 82,
    "pig_iron_casing": 1451,
    "sterling_silver_gear": 1550,
    "starsteel_crushed_ore": 358,
    "amber_nugget": 413,
    "refined_glowstone_crystal": 813,
    "ender_enhanced_gear": 710,
    "fluxalitium_nugget": 1733,
    "knightslime_dense_plate": 1436,
    "invar_block": 1860,
    "dilithium_casing": 263,
    "cobalt_brass_nugget": 1613,
    "redstonia_nugget": 125,
    "palis_crushed_ore": 142,
    "black_bronze_bolt": 1635,
    "mercury_casing": 371,
    "redstonia_gear": 122,
    "boron_bolt": 843,
    "aquamarine_nugget": 245,
    "beryllium_beam": 829,
    "magnesium_dense_plate": 872,
    "ionite_block": 1803,
    "advanced_alloy_nugget": 1109,
    "unstable_gear": 758,
    "tanzanite_dense_plate": 476,
    "kanthal_dust": 1492,
    "pig_iron_rod": 1446,
    "starsteel_ingot": 348,
    "black_bronze_dust": 1636,
    "ender_dense_plate": 704,
    "wrought_iron_dust": 1156,
    "draconium_gear": 530,
    "white_gold_crushed_ore": 1702,
    "tungsten_nugget": 1085,
    "litherite_gear": 578,
    "boron_dust": 844,
    "titanium_aluminide_ingot": 264,
    "black_quartz_bolt": 195,
    "red_alloy_plate": 1663,
    "magnalium_block": 1901,
    "steel_block": 1858,
    "coal_casing": 11,
    "kanthal_bolt": 1491,
    "graphite_gear": 926,
    "niobium_titanium_nugget": 1565,
    "purple_steel_crushed_ore": 1678,
    "wrought_iron_bolt": 1155,
    "tungsten_crushed_ore": 1090,
    "alumite_dust": 940,
    "zirconium_ingot": 900,
    "niobium_titanium_block": 1904,
    "sapphire_plate": 463,
    "aethium_rod": 642,
    "beryllium_rod": 834,
    "red_steel_casing": 1595,
    "black_quartz_crystal": 201,
    "electrum_crushed_ore": 1306,
    "knightmetal_ingot": 1476,
    "adamantine_casing": 323,
    "blue_steel_casing": 1583,
    "ardite_gear": 1406,
    "red_garnet_casing": 1139,
    "nichromium_dense_plate": 1712,
    "mercury_dense_plate": 368,
    "alumite_bolt": 939,
    "thorium_crystal": 885,
    "adamantine_rod": 318,
    "ender_enhanced_rod": 714,
    "chaotic_dense_plate": 560,
    "invar_rod": 1350,
    "manyullyn_beam": 1417,
    "copper_dense_plate": 1184,
    "white_gold_ingot": 1692,
    "magnalium_dense_plate": 1532,
    "kyronite_rod": 606,
    "tungstensteel_beam": 1093,
    "black_bronze_block": 1910,
    "kanthal_dense_plate": 1496,
    "fluxalitium_ingot": 1728,
    "kyronite_nugget": 605,
    "ruby_nugget": 401,
    "erodium_rod": 594,
    "emeradic_crushed_ore": 178,
    "black_bronze_casing": 1643,
    "dawnstone_dense_plate": 572,
    "diamond_dense_plate": 68,
    "manganese_gear": 914,
    "pladium_crystal": 621,
    "osmiridium_casing": 983,
    "manasteel_casing": 491,
    "dilithium_gear": 254,
    "refined_obsidian_beam": 793,
    "purple_steel_casing": 1679,
    "dawnstone_crystal": 573,
    "tanzanite_beam": 469,
    "aquarium_block": 1782,
    "zinc_block": 1776,
    "titanium_aluminide_rod": 270,
    "steel_rod": 1326,
    "quartz_enriched_iron_dense_plate": 1040,
    "ionite_dust": 628,
    "mithril_dust": 1264,
    "osmium_ingot": 780,
    "kanthal_crystal": 1497,
    "dawnstone_gear": 566,
    "draconium_rod": 534,
    "quartz_enriched_iron_nugget": 1037,
    "unstable_ingot": 756,
    "aquarium_ingot": 372,
    "obsidian_crystal": 105,
    "manasteel_beam": 481,
    "manasteel_crushed_ore": 490,
    "ionite_bolt": 627,
    "moonstone_plate": 751,
    "mithril_bolt": 1263,
    "emerald_block": 1757,
    "osmiridium_rod": 978,
    "signalum_plate": 1363,
    "tin_alloy_plate": 1519,
    "nickel_plate": 1243,
    "sterling_silver_block": 1903,
    "magnalium_rod": 1530,
    "demonic_metal_ingot": 732,
    "ardite_nugget": 1409,
    "amber_dust": 412,
    "peridot_dense_plate": 440,
    "amber_bolt": 411,
    "galvanized_steel_crystal": 861,
    "draconium_dust": 532,
    "black_bronze_gear": 1634,
    "signalum_casing": 1367,
    "boron_gear": 842,
    "iron_block": 1758,
    "stainless_steel_rod": 1602,
    "knightmetal_block": 1871,
    "black_iron_beam": 661,
    "niobium_titanium_beam": 1561,
    "erodium_nugget": 593,
    "iridium_nugget": 1277,
    "mirion_beam": 961,
    "aethium_beam": 637,
    "draconium_bolt": 531,
    "cobalt_rod": 1398,
    "titanium_iridium_crystal": 285,
    "lava_crystal_dust": 208,
    "electrum_flux_block": 1833,
    "bismuth_crushed_ore": 298,
    "black_bronze_rod": 1638,
    "purple_steel_gear": 1670,
    "steel_casing": 1331,
    "spectrite_block": 1835,
    "pladium_ingot": 612,
    "refined_glowstone_crushed_ore": 814,
    "malachite_crystal": 453,
    "void_steel_gear": 1887,
    "black_quartz_gear": 194,
    "wrought_iron_gear": 1154,
    "zinc_dense_plate": 308,
    "nichrome_bolt": 1503,
    "evil_metal_gear": 770,
    "knightmetal_beam": 1477,
    "terrasteel_crushed_ore": 502,
    "bismuth_bronze_plate": 1627,
    "ultimate_plate": 691,
    "steel_plate": 1327,
    "nichrome_crystal": 1509,
    "starmetal_dust": 232,
    "ender_enhanced_nugget": 713,
    "draconium_nugget": 533,
    "nickel_gear": 1238,
    "boron_crushed_ore": 850,
    "steel_gear": 1322,
    "silver_block": 1849,
    "silver_beam": 1213,
    "nether_star_crushed_ore": 118,
    "nichrome_dust": 1504,
    "tungstensteel_casing": 1103,
    "niobium_titanium_ingot": 1560,
    "manganese_rod": 918,
    "zinc_casing": 311,
    "fiery_beam": 1465,
    "bismuth_bronze_dense_plate": 1628,
    "zirconium_block": 1826,
    "brass_nugget": 1337,
    "starmetal_bolt": 231,
    "electrum_beam": 1297,
    "aethium_ingot": 636,
    "refined_glowstone_plate": 811,
    "spectrite_beam": 1045,
    "pladium_block": 1802,
    "manganese_ingot": 912,
    "quartz_plate": 31,
    "tin_alloy_ingot": 1512,
    "manyullyn_casing": 1427,
    "starsteel_crystal": 357,
    "red_steel_dust": 1588,
    "iridium_crushed_ore": 1282,
    "chrome_dense_plate": 1076,
    "red_alloy_block": 1912,
    "boron_casing": 851,
    "platinum_rod": 1254,
    "osmium_bolt": 783,
    "pig_iron_dense_plate": 1448,
    "nichromium_plate": 1711,
    "blue_steel_ingot": 1572,
    "bismuth_block": 1775,
    "platinum_dense_plate": 1256,
    "boron_ingot": 840,
    "palis_ingot": 132,
    "osmium_dust": 784,
    "malachite_beam": 445,
    "dilithium_ingot": 252,
    "kyronite_plate": 607,
    "red_steel_crystal": 1593,
    "graphite_casing": 935,
    "ender_enhanced_dense_plate": 716,
    "enori_dense_plate": 188,
    "gold_dense_plate": 20,
    "ironwood_crystal": 1461,
    "ultimate_crystal": 693,
    "lonsdaleite_crystal": 657,
    "unstable_nugget": 761,
    "starmetal_crushed_ore": 238,
    "iridium_alloy_crushed_ore": 1126,
    "crystaltine_beam": 673,
    "uranium_rod": 894,
    "yellow_garnet_crystal": 1149,
    "ender_enhanced_beam": 709,
    "starmetal_plate": 235,
    "bismuth_bronze_rod": 1626,
    "iron_rod": 90,
    "lumium_dust": 1372,
    "niobium_titanium_crushed_ore": 1570,
    "spectrite_plate": 1051,
    "redstone_gear": 38,
    "black_steel_casing": 1655,
    "mithril_gear": 1262,
    "malachite_crushed_ore": 454,
    "lapis_dense_plate": 56,
    "dilithium_block": 1772,
    "red_alloy_crystal": 1665,
    "bronze_casing": 1295,
    "stainless_steel_nugget": 1601,
    "moonstone_nugget": 749,
    "rose_gold_ingot": 1536,
    "enori_nugget": 185,
    "wrought_iron_rod": 1158,
    "black_steel_crystal": 1653,
    "sterling_silver_beam": 1549,
    "lumium_bolt": 1371,
    "knightslime_block": 1867,
    "manasteel_plate": 487,
    "enchanted_metal_rod": 726,
    "platinum_crystal": 1257,
    "iridium_alloy_bolt": 1119,
    "refined_obsidian_nugget": 797,
    "redstone_ingot": 36,
    "emeradic_bolt": 171,
    "black_iron_block": 1806,
    "galvanized_steel_rod": 858,
    "emeradic_dust": 172,
    "copper_beam": 1177,
    "coal_rod": 6,
    "chaotic_nugget": 557,
    "fiery_crystal": 1473,
    "tungsten_ingot": 1080,
    "tin_rod": 1194,
    "palis_rod": 138,
    "topaz_rod": 426,
    "redstonia_crystal": 129,
    "iridium_alloy_dust": 1120,
    "black_bronze_dense_plate": 1640,
    "coldiron_rod": 342,
    "ender_bolt": 699,
    "cobalt_beam": 1393,
    "aluminum_gear": 1202,
    "antimony_nugget": 329,
    "titanium_casing": 1067,
    "stainless_steel_crushed_ore": 1606,
    "nichrome_gear": 1502,
    "lumium_crushed_ore": 1378,
    "lead_plate": 1231,
    "bismuth_dense_plate": 296,
    "beryllium_casing": 839,
    "knightmetal_dust": 1480,
    "evil_metal_bolt": 771,
    "obsidian_gear": 98,
    "ender_dust": 700,
    "knightmetal_plate": 1483,
    "fiery_bolt": 1467,
    "voidensteel_beam": 1681,
    "knightmetal_bolt": 1479,
    "iron_dense_plate": 92,
    "pig_iron_beam": 1441,
    "black_quartz_ingot": 192,
    "draconium_plate": 535,
    "evil_metal_dust": 772,
    "redstonia_beam": 121,
    "lava_crystal_crystal": 213,
    "sterling_silver_casing": 1559,
    "beryllium_block": 1820,
    "gaia_rod": 522,
    "fiery_dust": 1468,
    "starmetal_gear": 230,
    "amber_crushed_ore": 418,
    "diamatine_gear": 146,
    "unstable_block": 1814,
    "brass_beam": 1333,
    "unstable_dense_plate": 764,
    "lead_nugget": 1229,
    "elven_elementium_dense_plate": 512,
    "refined_glowstone_nugget": 809,
    "enchanted_metal_ingot": 720,
    "constantan_plate": 1315,
    "dilithium_beam": 253,
    "lapis_rod": 54,
    "diamatine_plate": 151,
    "silver_dense_plate": 1220,
    "osmium_block": 1816,
    "advanced_alloy_ingot": 1104,
    "void_crystal_block": 1764,
    "refined_obsidian_plate": 799,
    "osmium_gear": 782,
    "silver_casing": 1223,
    "purple_steel_rod": 1674,
    "manganese_crushed_ore": 922,
    "titanium_aluminide_bolt": 267,
    "aquamarine_beam": 241,
    "diamond_rod": 66,
    "black_iron_ingot": 660,
    "silicon_beam": 1165,
    "osmiridium_plate": 979,
    "nichromium_beam": 1705,
    "antimony_crystal": 333,
    "yellow_garnet_block": 1843,
    "draconium_awakened_crushed_ore": 550,
    "lava_crystal_gear": 206,
    "alumite_plate": 943,
    "coldiron_beam": 337,
    "red_steel_ingot": 1584,
    "iridium_plate": 1279,
    "electrum_rod": 1302,
    "rose_gold_casing": 1547,
    "lead_beam": 1225,
    "aquamarine_crushed_ore": 250,
    "emeradic_plate": 175,
    "topaz_dense_plate": 428,
    "bronze_dense_plate": 1292,
    "tungsten_beam": 1081,
    "tin_alloy_beam": 1513,
    "litherite_dense_plate": 584,
    "white_gold_gear": 1694,
    "rose_gold_block": 1902,
    "starsteel_plate": 355,
    "enori_plate": 187,
    "electrum_block": 1856,
    "wrought_iron_plate": 1159,
    "tungsten_block": 1838,
    "galvanized_steel_casing": 863,
    "blue_steel_beam": 1573,
    "starmetal_crystal": 237,
    "pladium_nugget": 617,
    "nether_star_rod": 114,
    "titanium_aluminide_dust": 268,
    "aluminum_crushed_ore": 1210,
    "lumium_gear": 1370,
    "void_steel_beam": 1886,
    "mercury_crystal": 369,
    "chromodium_rod": 1722,
    "ardite_crystal": 1413,
    "chaotic_crystal": 561,
    "bismuth_ingot": 288,
    "redstone_dust": 40,
    "kanthal_ingot": 1488,
    "evil_metal_dense_plate": 776,
    "fiery_crushed_ore": 1474,
    "osgloglas_casing": 959,
    "draconium_crystal": 537,
    "redstone_bolt": 39,
    "titanium_iridium_casing": 287,
    "moonstone_rod": 750,
    "iron_casing": 95,
    "lumium_rod": 1374,
    "aluminum_casing": 1211,
    "blue_steel_block": 1905,
    "lumium_plate": 1375,
    "emeradic_gear": 170,
    "tanzanite_crystal": 477,
    "lithium_block": 1819,
    "redstonia_ingot": 120,
    "ardite_ingot": 1404,
    "diamatine_crystal": 153,
    "pig_iron_nugget": 1445,
    "knightslime_rod": 1434,
    "platinum_nugget": 1253,
    "mirion_plate": 967,
    "refined_glowstone_beam": 805,
    "dilithium_rod": 258,
    "ender_gear": 698,
    "signalum_crystal": 1365,
    "unstable_dust": 760,
    "alumite_nugget": 941,
    "steel_beam": 1321,
    "cobalt_brass_crystal": 1617,
    "silver_gear": 1214,
    "fiery_gear": 1466,
    "boron_block": 1821,
    "steeleaf_ingot": 1872,
    "refined_obsidian_rod": 798,
    "redstone_block": 1754,
    "draconium_dense_plate": 536,
    "chaotic_block": 1797,
    "tin_nugget": 1193,
    "copper_crystal": 1185,
    "cobalt_casing": 1403,
    "beryllium_ingot": 828,
    "unstable_bolt": 759,
    "quartz_enriched_iron_ingot": 1032,
    "advanced_alloy_beam": 1105,
    "alumite_gear": 938,
    "obsidian_bolt": 99,
    "constantan_rod": 1314,
    "tanzanite_casing": 479,
    "voidensteel_nugget": 1685,
    "palis_block": 1762,
    "red_steel_bolt": 1587,
    "knightmetal_gear": 1478,
    "diamond_ingot": 60,
    "yellow_garnet_dense_plate": 1148,
    "aquarium_crushed_ore": 382,
    "mirion_gear": 962,
    "chrome_crystal": 1077,
    "antimony_rod": 330,
    "steeleaf_crystal": 1881,
    "tin_beam": 1189,
    "lonsdaleite_crushed_ore": 658,
    "diamatine_bolt": 147,
    "obsidian_dust": 100,
    "obsidian_block": 1759,
    "lithium_ingot": 816,
    "quartz_enriched_iron_block": 1834,
    "gold_crystal": 21,
    "iridium_rod": 1278,
    "red_garnet_nugget": 1133,
    "lava_crystal_dense_plate": 212,
    "chrome_bolt": 1071,
    "demonic_metal_bolt": 735,
    "nickel_ingot": 1236,
    "manyullyn_rod": 1422,
    "red_garnet_crushed_ore": 1138,
    "kyronite_crushed_ore": 610,
    "fluxalitium_casing": 1739,
    "void_steel_ingot": 1885,
    "osgloglas_beam": 949,
    "moonstone_bolt": 747,
    "cobalt_brass_ingot": 1608,
    "voidensteel_ingot": 1680,
    "zirconium_crystal": 909,
    "enderium_crystal": 1389,
    "amber_casing": 419,
    "coal_bolt": 3,
    "chrome_plate": 1075,
    "demonic_metal_dust": 736,
    "lonsdaleite_beam": 649,
    "electrum_flux_rod": 1026,
    "tungstensteel_plate": 1099,
    "platinum_beam": 1249,
    "emeradic_casing": 179,
    "alumite_dense_plate": 944,
    "topaz_dust": 424,
    "tungstensteel_rod": 1098,
    "coal_dust": 4,
    "purple_steel_beam": 1669,
    "magnalium_crushed_ore": 1534,
    "dilithium_dense_plate": 260,
    "white_gold_bolt": 1695,
    "electrum_dense_plate": 1304,
    "kanthal_block": 1898,
    "elven_elementium_casing": 515,
    "pig_iron_block": 1868,
    "wrought_iron_nugget": 1157,
    "zinc_crystal": 309,
    "titanium_aluminide_crystal": 273,
    "ultimate_nugget": 689,
    "mirion_dense_plate": 968,
    "electrical_casing": 227,
    "antimony_ingot": 324,
    "cobalt_brass_block": 1908,
    "electrical_beam": 217,
    "malachite_plate": 451,
    "nichrome_plate": 1507,
    "chrome_dust": 1072,
    "aquarium_crystal": 381,
    "diamond_beam": 61,
    "chrome_nugget": 1073,
    "lapis_casing": 59,
    "tungsten_casing": 1091,
    "palis_dust": 136,
    "zinc_gear": 302,
    "tungsten_crystal": 1089,
    "mercury_ingot": 360,
    "evil_metal_nugget": 773,
    "spectraclium_crushed_ore": 1750,
    "sterling_silver_crystal": 1557,
    "kyronite_beam": 601,
    "pewter_dust": 388,
    "yellow_garnet_ingot": 1140,
    "lonsdaleite_plate": 655,
    "tungstensteel_crystal": 1101,
    "red_garnet_plate": 1135,
    "lumium_crystal": 1377,
    "stainless_steel_beam": 1597,
    "adamantine_nugget": 317,
    "manasteel_rod": 486,
    "steeleaf_rod": 1878,
    "steeleaf_dust": 1876,
    "pewter_rod": 390,
    "zinc_crushed_ore": 310,
    "palis_bolt": 135,
    "pladium_gear": 614,
    "white_gold_dust": 1696,
    "uranium_ingot": 888,
    "pewter_bolt": 387,
    "advanced_alloy_block": 1840,
    "peridot_nugget": 437,
    "magnalium_bolt": 1527,
    "steeleaf_dense_plate": 1880,
    "ironwood_plate": 1459,
    "peridot_crushed_ore": 442,
    "bismuth_bronze_nugget": 1625,
    "tungstensteel_dense_plate": 1100,
    "emeradic_dense_plate": 176,
    "electrum_flux_nugget": 1025,
    "osmiridium_gear": 974,
    "steeleaf_bolt": 1875,
    "iridium_alloy_ingot": 1116,
    "mithril_plate": 1267,
    "magnalium_dust": 1528,
    "starsteel_bolt": 351,
    "evil_metal_rod": 774,
    "pewter_crystal": 393,
    "titanium_aluminide_plate": 271,
    "enderium_casing": 1391,
    "steeleaf_block": 1884,
    "magnalium_nugget": 1529,
    "redstonia_block": 1761,
    "diamond_block": 1756,
    "terrasteel_ingot": 492,
    "unstable_rod": 762,
    "void_crystal_casing": 167,
    "starsteel_dust": 352,
    "dilithium_nugget": 257,
    "silicon_plate": 1171,
    "red_alloy_rod": 1662,
    "invar_casing": 1355,
    "cobalt_plate": 1399,
    "ruby_casing": 407,
    "mirion_nugget": 965,
    "invar_crystal": 1353,
    "nickel_crushed_ore": 1246,
    "bronze_crystal": 1293,
    "chrome_gear": 1070,
    "diamond_crystal": 69,
    "stainless_steel_plate": 1603,
    "voidensteel_crushed_ore": 1690,
    "sapphire_nugget": 461,
    "electrum_nugget": 1301,
    "electrum_flux_dense_plate": 1028,
    "black_iron_nugget": 665,
    "moonstone_gear": 746,
    "draconium_awakened_beam": 541,
    "thorium_plate": 883,
    "moonstone_dense_plate": 752,
    "osmiridium_nugget": 977,
    "aluminum_dust": 1204,
    "iron_crystal": 93,
    "pladium_dust": 616,
    "purple_steel_block": 1913,
    "mercury_block": 1781,
    "nichrome_crushed_ore": 1510,
    "electrum_flux_beam": 1021,
    "crystaltine_dense_plate": 680,
    "litherite_nugget": 581,
    "aquamarine_plate": 247,
    "quartz_dense_plate": 32,
    "pewter_nugget": 389,
    "black_steel_gear": 1646,
    "uranium_crushed_ore": 898,
    "elven_elementium_ingot": 504,
    "mercury_gear": 362,
    "bismuth_beam": 289,
    "lead_rod": 1230,
    "redstone_rod": 42,
    "lapis_block": 1755,
    "titanium_iridium_crushed_ore": 286,
    "purple_steel_ingot": 1668,
    "titanium_iridium_rod": 282,
    "emerald_beam": 73,
    "red_alloy_dense_plate": 1664,
    "steel_crushed_ore": 1330,
    "void_steel_crushed_ore": 1895,
    "enchanted_metal_dense_plate": 728,
    "black_quartz_block": 1767,
    "iridium_alloy_gear": 1118,
    "iron_beam": 85,
    "signalum_nugget": 1361,
    "aluminum_rod": 1206,
    "red_steel_block": 1906,
    "ironwood_nugget": 1457,
    "ender_crushed_ore": 706,
    "diamatine_casing": 155,
    "uranium_bolt": 891,
    "coldiron_crystal": 345,
    "aluminum_bolt": 1203,
    "adamantine_dense_plate": 320,
    "pewter_gear": 386,
    "tin_crushed_ore": 1198,
    "knightslime_dust": 1432,
    "palis_gear": 134,
    "uranium_block": 1825,
    "bronze_rod": 1290,
    "cobalt_brass_rod": 1614,
    "pladium_bolt": 615,
    "electrum_ingot": 1296,
    "uranium_dust": 892,
    "litherite_plate": 583,
    "peridot_plate": 439,
    "sapphire_beam": 457,
    "brass_casing": 1343,
    "nether_star_casing": 119,
    "white_gold_dense_plate": 1700,
    "electrical_block": 1769,
    "terrasteel_block": 1792,
    "void_steel_block": 1897,
    "black_quartz_dense_plate": 200,
    "enchanted_metal_block": 1811,
    "aquarium_nugget": 377,
    "steeleaf_gear": 1874,
    "nichromium_crystal": 1713,
    "lava_crystal_ingot": 204,
    "alumite_crystal": 945,
    "pladium_crushed_ore": 622,
    "kanthal_crushed_ore": 1498,
    "steel_nugget": 1325,
    "palis_casing": 143,
    "diamatine_dust": 148,
    "manganese_block": 1827,
    "moonstone_crystal": 753,
    "silicon_crushed_ore": 1174,
    "enderium_dense_plate": 1388,
    "emerald_nugget": 77,
    "enderium_beam": 1381,
    "chaotic_beam": 553,
    "ardite_beam": 1405,
    "tanzanite_plate": 475,
    "mercury_dust": 364,
    "tungstensteel_dust": 1096,
    "manyullyn_nugget": 1421,
    "fluxalitium_dust": 1732,
    "sapphire_block": 1789,
    "draconium_awakened_dense_plate": 548,
    "mercury_bolt": 363,
    "chaotic_gear": 554,
    "sapphire_gear": 458,
    "tungstensteel_bolt": 1095,
    "nether_star_gear": 110,
    "lapis_beam": 49,
    "black_steel_nugget": 1649,
    "gold_casing": 23,
    "fluxalitium_bolt": 1731,
    "gold_block": 1752,
    "zirconium_dense_plate": 908,
    "ruby_dense_plate": 404,
    "enori_casing": 191,
    "bismuth_bolt": 291,
    "titanium_nugget": 1061,
    "elven_elementium_block": 1793,
    "sterling_silver_dense_plate": 1556,
    "nichrome_rod": 1506,
    "black_steel_bolt": 1647,
    "graphite_beam": 925,
    "emeradic_ingot": 168,
    "steel_dense_plate": 1328,
    "enchanted_metal_crystal": 729,
    "enori_crystal": 189,
    "fluxalitium_plate": 1735,
    "enori_ingot": 180,
    "spectrite_dense_plate": 1052,
    "pladium_rod": 618,
    "bismuth_dust": 292,
    "voidensteel_dense_plate": 1688,
    "platinum_gear": 1250,
    "uranium_crystal": 897,
    "demonic_metal_crushed_ore": 742,
    "nickel_crystal": 1245,
    "invar_dust": 1348,
    "refined_obsidian_ingot": 792,
    "enchanted_metal_beam": 721,
    "black_steel_dust": 1648,
    "aquarium_beam": 373,
    "silicon_nugget": 1169,
    "fiery_rod": 1470,
    "iron_dust": 88,
    "titanium_iridium_block": 1774,
    "emerald_dust": 76,
    "knightmetal_crystal": 1485,
    "chrome_rod": 1074,
    "dilithium_crushed_ore": 262,
    "aquamarine_dense_plate": 248,
    "pig_iron_plate": 1447,
    "electrical_ingot": 216,
    "lead_gear": 1226,
    "signalum_beam": 1357,
    "uranium_gear": 890,
    "aethium_dust": 640,
    "electrum_bolt": 1299,
    "gold_ingot": 12,
    "tin_alloy_casing": 1523,
    "black_iron_rod": 666,
    "chromodium_plate": 1723,
    "topaz_crystal": 429,
    "sapphire_ingot": 456,
    "osmium_dense_plate": 788,
    "lava_crystal_beam": 205,
    "red_garnet_beam": 1129,
    "steel_crystal": 1329,
    "invar_bolt": 1347,
    "malachite_ingot": 444,
    "topaz_gear": 422,
    "beryllium_gear": 830,
    "nichrome_block": 1899,
    "enori_block": 1766,
    "draconium_ingot": 528,
    "lava_crystal_block": 1768,
    "emerald_bolt": 75,
    "platinum_ingot": 1248,
    "zirconium_plate": 907,
    "emeradic_block": 1765,
    "ardite_crushed_ore": 1414,
    "ruby_crystal": 405,
    "enchanted_metal_crushed_ore": 730,
    "nether_star_ingot": 108,
    "litherite_beam": 577,
    "redstone_casing": 47,
    "erodium_block": 1800,
    "manyullyn_dense_plate": 1424,
    "adamantine_gear": 314,
    "zinc_beam": 301,
    "manganese_dense_plate": 920,
    "red_alloy_crushed_ore": 1666,
    "terrasteel_dust": 496,
    "sapphire_casing": 467,
    "osmiridium_beam": 973,
    "voidensteel_plate": 1687,
    "diamatine_beam": 145,
    "iron_bolt": 87,
    "electrum_dust": 1300,
    "terrasteel_bolt": 495,
    "kanthal_rod": 1494,
    "lead_dense_plate": 1232,
    "magnesium_plate": 871,
    "ionite_crushed_ore": 634,
    "erodium_dense_plate": 596,
    "osgloglas_ingot": 948,
    "black_iron_casing": 671,
    "spectraclium_beam": 1741,
    "nickel_beam": 1237,
    "galvanized_steel_nugget": 857,
    "kyronite_casing": 611,
    "draconium_awakened_gear": 542,
    "peridot_dust": 436,
    "refined_obsidian_dense_plate": 800,
    "enori_beam": 181,
    "wrought_iron_block": 1844,
    "enderium_block": 1863,
    "voidensteel_casing": 1691,
    "rose_gold_bolt": 1539,
    "black_steel_crushed_ore": 1654,
    "chaotic_bolt": 555,
    "copper_block": 1846,
    "demonic_metal_gear": 734,
    "mercury_plate": 367,
    "osgloglas_block": 1830,
    "manganese_beam": 913,
    "nether_star_bolt": 111,
    "manyullyn_gear": 1418,
    "dawnstone_beam": 565,
    "enchanted_metal_casing": 731,
    "nickel_rod": 1242,
    "malachite_dense_plate": 452,
    "rose_gold_plate": 1543,
    "tungstensteel_gear": 1094,
    "erodium_crystal": 597,
    "manganese_casing": 923,
    "sapphire_bolt": 459,
    "cobalt_dense_plate": 1400,
    "gaia_nugget": 521,
    "lava_crystal_casing": 215,
    "mithril_rod": 1266,
    "nether_star_dust": 112,
    "aquarium_plate": 379,
    "uranium_nugget": 893,
    "bismuth_gear": 290,
    "starmetal_nugget": 233,
    "silver_nugget": 1217,
    "moonstone_ingot": 744,
    "black_quartz_beam": 193,
    "bronze_block": 1855,
    "constantan_crushed_ore": 1318,
    "ruby_block": 1784,
    "rose_gold_nugget": 1541,
    "dawnstone_block": 1798,
    "mercury_nugget": 365,
    "platinum_crushed_ore": 1258,
    "peridot_bolt": 435,
    "gaia_beam": 517,
    "advanced_alloy_crushed_ore": 1114,
    "titanium_beam": 1057,
    "constantan_crystal": 1317,
    "silver_rod": 1218,
    "wrought_iron_crushed_ore": 1162,
    "lead_casing": 1235,
    "lonsdaleite_rod": 654,
    "rose_gold_dust": 1540,
    "aethium_bolt": 639,
    "manasteel_gear": 482,
    "spectrite_crystal": 1053,
    "galvanized_steel_block": 1822,
    "enori_crushed_ore": 190,
    "electrum_gear": 1298,
    "coldiron_block": 1779,
    "zirconium_casing": 911,
    "erodium_ingot": 588,
    "electrical_crystal": 225,
    "palis_beam": 133,
    "osgloglas_nugget": 953,
    "galvanized_steel_beam": 853,
    "white_gold_plate": 1699,
    "knightmetal_crushed_ore": 1486,
    "coal_plate": 7,
    "demonic_metal_casing": 743,
    "cobalt_nugget": 1397,
    "topaz_ingot": 420,
    "wrought_iron_beam": 1153,
    "peridot_rod": 438,
    "spectraclium_dense_plate": 1748,
    "black_bronze_beam": 1633,
    "emerald_gear": 74,
    "rose_gold_crystal": 1545,
    "iridium_alloy_block": 1841,
    "osmium_plate": 787,
    "topaz_bolt": 423,
    "advanced_alloy_dense_plate": 1112,
    "alumite_casing": 947,
    "niobium_titanium_gear": 1562,
    "quartz_casing": 35,
    "manasteel_block": 1791,
    "constantan_casing": 1319,
    "lead_dust": 1228,
    "aluminum_dense_plate": 1208,
    "copper_rod": 1182,
    "stainless_steel_dense_plate": 1604,
    "unstable_crystal": 765,
    "ultimate_ingot": 684,
    "electrum_crystal": 1305,
    "pewter_crushed_ore": 394,
    "iron_crushed_ore": 94,
    "starmetal_ingot": 228,
    "erodium_dust": 592,
    "tanzanite_nugget": 473,
    "moonstone_dust": 748,
    "platinum_block": 1852,
    "titanium_iridium_nugget": 281,
    "osmium_casing": 791,
    "adamantine_bolt": 315,
    "starsteel_gear": 350,
    "redstonia_dense_plate": 128,
    "mercury_rod": 366,
    "erodium_bolt": 591,
    "iron_gear": 86,
    "nether_star_block": 1760,
    "terrasteel_crystal": 501,
    "black_quartz_rod": 198,
    "graphite_nugget": 929,
    "cobalt_crushed_ore": 1402,
    "adamantine_dust": 316,
    "gold_crushed_ore": 22,
    "black_quartz_casing": 203,
    "draconium_crushed_ore": 538,
    "manyullyn_dust": 1420,
    "bismuth_bronze_beam": 1621,
    "lumium_ingot": 1368,
    "lead_block": 1850,
    "osmiridium_crystal": 981,
    "boron_crystal": 849,
    "void_crystal_rod": 162,
    "lithium_rod": 822,
    "advanced_alloy_crystal": 1113,
    "tanzanite_bolt": 471,
    "manyullyn_bolt": 1419,
    "bismuth_bronze_block": 1909,
    "tin_plate": 1195,
    "crystaltine_plate": 679,
    "graphite_rod": 930,
    "litherite_rod": 582,
    "tanzanite_dust": 472,
    "chrome_casing": 1079,
    "titanium_crystal": 1065,
    "mithril_beam": 1261,
    "aquarium_dense_plate": 380,
    "antimony_block": 1778,
    "emeradic_crystal": 177,
    "enderium_crushed_ore": 1390,
    "pig_iron_crystal": 1449,
    "amber_plate": 415,
    "nether_star_nugget": 113,
    "signalum_ingot": 1356,
    "copper_nugget": 1181,
    "osgloglas_dense_plate": 956,
    "red_alloy_gear": 1658,
    "cobalt_crystal": 1401,
    "spectraclium_casing": 1751,
    "galvanized_steel_ingot": 852,
    "manasteel_dust": 484,
    "manasteel_bolt": 483,
    "mirion_ingot": 960,
    "obsidian_ingot": 96,
    "black_steel_dense_plate": 1652,
    "electrum_flux_crushed_ore": 1030,
    "bismuth_nugget": 293,
    "void_steel_nugget": 1890,
    "boron_rod": 846,
    "black_bronze_crystal": 1641,
    "peridot_gear": 434,
    "chromodium_nugget": 1721,
    "quartz_beam": 25,
    "adamantine_block": 1777,
    "emeradic_nugget": 173,
    "topaz_block": 1786,
    "redstonia_rod": 126,
    "lithium_casing": 827,
    "lumium_block": 1862,
    "mirion_block": 1831,
    "amber_beam": 409,
    "peridot_casing": 443,
    "iron_plate": 91,
    "gaia_plate": 523,
    "mirion_bolt": 963,
    "nichrome_dense_plate": 1508,
    "niobium_titanium_dust": 1564,
    "manyullyn_plate": 1423,
    "evil_metal_plate": 775,
    "constantan_dense_plate": 1316,
    "aquamarine_rod": 246,
    "nickel_block": 1851,
    "mirion_dust": 964,
    "magnesium_casing": 875,
    "ruby_beam": 397,
    "ultimate_gear": 686,
    "starsteel_nugget": 353,
    "refined_glowstone_ingot": 804,
    "evil_metal_casing": 779,
    "sterling_silver_crushed_ore": 1558,
    "void_crystal_nugget": 161,
    "niobium_titanium_bolt": 1563,
    "ultimate_block": 1808,
    "knightslime_plate": 1435,
    "titanium_block": 1836,
    "uranium_dense_plate": 896,
    "quartz_enriched_iron_beam": 1033,
    "chaotic_ingot": 552,
    "cobalt_brass_bolt": 1611,
    "titanium_aluminide_crushed_ore": 274,
    "elven_elementium_bolt": 507,
    "advanced_alloy_bolt": 1107,
    "knightmetal_dense_plate": 1484,
    "aluminum_plate": 1207,
    "yellow_garnet_beam": 1141,
    "silver_bolt": 1215,
    "antimony_beam": 325,
    "ardite_block": 1865,
    "draconium_awakened_plate": 547,
    "elven_elementium_dust": 508,
    "cobalt_brass_dust": 1612,
    "zirconium_beam": 901,
    "pladium_dense_plate": 620,
    "alumite_rod": 942,
    "enderium_nugget": 1385,
    "nickel_dense_plate": 1244,
    "starmetal_beam": 229,
    "advanced_alloy_dust": 1108,
    "titanium_iridium_beam": 277,
    "antimony_dense_plate": 332,
    "coldiron_ingot": 336,
    "silver_dust": 1216,
    "electrum_flux_casing": 1031,
    "lapis_nugget": 53,
    "blue_steel_plate": 1579,
    "chromodium_gear": 1718,
    "red_steel_gear": 1586,
    "sapphire_crushed_ore": 466,
    "nichrome_beam": 1501,
    "fiery_plate": 1471,
    "chromodium_crystal": 1725,
    "osmiridium_ingot": 972,
    "red_garnet_rod": 1134,
    "ruby_crushed_ore": 406,
    "crystaltine_nugget": 677,
    "constantan_beam": 1309,
    "alumite_block": 1829,
    "iridium_block": 1854,
    "manasteel_ingot": 480,
    "elven_elementium_crystal": 513,
    "palis_nugget": 137,
    "kyronite_dense_plate": 608,
    "thorium_dense_plate": 884,
    "osmiridium_dense_plate": 980,
    "ultimate_rod": 690,
    "bronze_beam": 1285,
    "chromodium_crushed_ore": 1726,
    "draconium_block": 1795,
    "mithril_casing": 1271,
    "titanium_crushed_ore": 1066,
    "void_crystal_dense_plate": 164,
    "moonstone_block": 1813,
    "pewter_block": 1783,
    "void_crystal_beam": 157,
    "demonic_metal_dense_plate": 740,
    "mirion_casing": 971,
    "tungsten_gear": 1082,
    "bronze_ingot": 1284,
    "draconium_awakened_ingot": 540,
    "silicon_dense_plate": 1172,
    "iridium_dense_plate": 1280,
    "pewter_ingot": 384,
    "redstone_crystal": 45,
    "electrum_flux_plate": 1027,
    "magnesium_beam": 865,
    "iridium_crystal": 1281,
    "titanium_iridium_ingot": 276,
    "magnalium_plate": 1531,
    "adamantine_crushed_ore": 322,
    "red_alloy_bolt": 1659,
    "adamantine_ingot": 312,
    "pewter_casing": 395,
    "lumium_beam": 1369,
    "galvanized_steel_crushed_ore": 862,
    "ironwood_casing": 1463,
    "coldiron_casing": 347,
    "stainless_steel_crystal": 1605,
    "zinc_plate": 307,
    "gold_beam": 13,
    "nickel_nugget": 1241,
    "lonsdaleite_nugget": 653,
    "lumium_dense_plate": 1376,
    "tungstensteel_crushed_ore": 1102,
    "sapphire_rod": 462,
    "nether_star_crystal": 117,
    "manyullyn_crushed_ore": 1426,
    "dilithium_crystal": 261,
    "graphite_crystal": 933,
    "spectrite_casing": 1055,
    "knightslime_casing": 1439,
    "wrought_iron_casing": 1163,
    "kanthal_beam": 1489,
    "chromodium_dust": 1720,
    "coldiron_dense_plate": 344,
    "obsidian_nugget": 101,
    "draconium_awakened_block": 1796,
    "beryllium_dust": 832,
    "emerald_plate": 79,
    "aquarium_casing": 383,
    "emerald_casing": 83,
    "redstone_crushed_ore": 46,
    "cobalt_brass_gear": 1610,
    "titanium_ingot": 1056,
    "tin_alloy_block": 1900,
    "void_crystal_ingot": 156,
    "white_gold_nugget": 1697,
    "red_alloy_dust": 1660,
    "iridium_ingot": 1272,
    "elven_elementium_gear": 506,
    "ruby_ingot": 396,
    "tin_crystal": 1197,
    "beryllium_bolt": 831,
    "draconium_awakened_nugget": 545,
    "thorium_rod": 882,
    "ionite_dense_plate": 632,
    "enderium_ingot": 1380,
    "signalum_block": 1861,
    "erodium_crushed_ore": 598,
    "mirion_crystal": 969,
    "iridium_alloy_crystal": 1125,
    "copper_ingot": 1176,
    "lava_crystal_crushed_ore": 214,
    "advanced_alloy_gear": 1106,
    "osgloglas_gear": 950,
    "ionite_plate": 631,
    "starmetal_rod": 234,
    "amber_rod": 414,
    "alumite_ingot": 936,
    "alumite_beam": 937,
    "black_bronze_plate": 1639,
    "ironwood_beam": 1453,
    "ultimate_bolt": 687,
    "dawnstone_casing": 575,
    "lithium_crystal": 825,
    "chromodium_bolt": 1719,
    "terrasteel_gear": 494,
    "voidensteel_rod": 1686,
    "void_crystal_crystal": 165,
    "ultimate_dust": 688,
    "silicon_casing": 1175,
    "terrasteel_casing": 503,
    "palis_crystal": 141,
    "topaz_plate": 427,
    "refined_obsidian_bolt": 795,
    "silicon_dust": 1168,
    "quartz_enriched_iron_crushed_ore": 1042,
    "enderium_rod": 1386,
    "mithril_block": 1853,
    "dilithium_dust": 256,
    "antimony_crushed_ore": 334,
    "lonsdaleite_gear": 650,
    "niobium_titanium_plate": 1567,
    "constantan_bolt": 1311,
    "nichromium_crushed_ore": 1714,
    "crystaltine_crushed_ore": 682,
    "silicon_ingot": 1164,
    "titanium_iridium_dense_plate": 284,
    "aquamarine_dust": 244,
    "silicon_bolt": 1167,
    "yellow_garnet_gear": 1142,
    "cobalt_ingot": 1392,
    "tungsten_bolt": 1083,
    "ironwood_crushed_ore": 1462,
    "cobalt_block": 1864,
    "refined_obsidian_crushed_ore": 802,
    "antimony_gear": 326,
    "lithium_gear": 818,
    "fiery_nugget": 1469,
    "refined_obsidian_dust": 796,
    "aluminum_ingot": 1200,
    "dilithium_bolt": 255,
    "blue_steel_dense_plate": 1580,
    "constantan_dust": 1312,
    "dawnstone_rod": 570,
    "invar_plate": 1351,
    "ionite_beam": 625,
    "quartz_crystal": 33,
    "rose_gold_crushed_ore": 1546,
    "aquamarine_bolt": 243,
    "titanium_aluminide_beam": 265,
    "ender_enhanced_block": 1810,
    "gold_bolt": 15,
    "fluxalitium_rod": 1734,
    "iridium_alloy_nugget": 1121,
    "diamond_gear": 62,
    "tanzanite_crushed_ore": 478,
    "tin_alloy_dust": 1516,
    "tungsten_dust": 1084,
    "red_alloy_nugget": 1661,
    "knightslime_ingot": 1428,
    "titanium_aluminide_nugget": 269,
    "redstonia_crushed_ore": 130,
    "uranium_plate": 895,
    "black_iron_bolt": 663,
    "fluxalitium_crushed_ore": 1738,
    "gold_dust": 16,
    "moonstone_crushed_ore": 754,
    "ruby_rod": 402,
    "void_steel_dense_plate": 1893,
    "aethium_dense_plate": 644,
    "ender_casing": 707,
    "quartz_enriched_iron_rod": 1038,
    "void_steel_crystal": 1894,
    "aethium_nugget": 641,
    "black_iron_dust": 664,
    "draconium_beam": 529,
    "antimony_plate": 331,
    "stainless_steel_gear": 1598,
    "void_steel_plate": 1892,
    "electrical_gear": 218,
    "silver_plate": 1219,
    "beryllium_crushed_ore": 838,
    "amber_gear": 410,
    "diamatine_nugget": 149,
    "tin_dense_plate": 1196,
    "tin_alloy_nugget": 1517,
    "signalum_rod": 1362,
    "void_steel_dust": 1889,
    "kyronite_crystal": 609,
    "mithril_ingot": 1260,
    "redstone_nugget": 41,
    "red_alloy_beam": 1657,
    "tin_alloy_bolt": 1515,
    "purple_steel_bolt": 1671,
    "rose_gold_rod": 1542,
    "tin_alloy_crystal": 1521,
    "void_steel_bolt": 1888,
    "coldiron_plate": 343,
    "crystaltine_rod": 678,
    "black_steel_rod": 1650,
    "unstable_beam": 757,
    "steel_dust": 1324,
    "crystaltine_ingot": 672,
    "osgloglas_bolt": 951,
    "osgloglas_plate": 955,
    "lava_crystal_nugget": 209,
    "magnesium_ingot": 864,
    "graphite_dense_plate": 932,
    "tanzanite_gear": 470,
    "tin_gear": 1190,
    "gold_nugget": 17,
    "nichrome_nugget": 1505,
    "ironwood_ingot": 1452,
    "steel_bolt": 1323,
    "chrome_block": 1837,
    "zirconium_gear": 902,
    "kyronite_gear": 602,
    "red_alloy_ingot": 1656,
    "titanium_iridium_gear": 278,
    "yellow_garnet_plate": 1147,
    "chaotic_plate": 559,
    "thorium_block": 1824,
    "starsteel_block": 1780,
    "electrum_plate": 1303,
    "titanium_aluminide_block": 1773,
    "invar_crushed_ore": 1354,
    "obsidian_dense_plate": 104,
    "emerald_dense_plate": 80,
    "refined_obsidian_gear": 794,
    "black_iron_crystal": 669,
    "yellow_garnet_crushed_ore": 1150,
    "osmium_crystal": 789,
    "starmetal_casing": 239,
    "lumium_casing": 1379,
    "invar_nugget": 1349,
    "yellow_garnet_rod": 1146,
    "silver_crystal": 1221,
    "osgloglas_dust": 952,
    "sterling_silver_plate": 1555,
    "aethium_plate": 643,
    "magnesium_block": 1823,
    "nether_star_plate": 115,
    "quartz_rod": 30,
    "draconium_awakened_crystal": 549,
    "unstable_plate": 763,
    "gaia_crystal": 525,
    "uranium_casing": 899,
    "sterling_silver_dust": 1552,
    "ender_enhanced_dust": 712,
    "sterling_silver_bolt": 1551,
    "thorium_ingot": 876,
    "gold_gear": 14,
    "litherite_crystal": 585,
    "purple_steel_dust": 1672,
    "constantan_gear": 1310,
    "demonic_metal_rod": 738,
    "ender_enhanced_ingot": 708,
    "enchanted_metal_nugget": 725,
    "refined_glowstone_rod": 810,
    "black_iron_gear": 662,
    "tin_alloy_dense_plate": 1520,
    "signalum_crushed_ore": 1366,
    "pewter_dense_plate": 392,
    "platinum_plate": 1255,
    "manganese_nugget": 917,
    "ender_enhanced_bolt": 711,
    "electrum_flux_gear": 1022,
    "red_garnet_dense_plate": 1136,
    "knightmetal_nugget": 1481,
    "chrome_beam": 1069,
    "pewter_plate": 391,
    "gaia_casing": 527,
    "lapis_crystal": 57,
    "aluminum_block": 1848,
    "redstonia_bolt": 123,
    "pig_iron_bolt": 1443,
    "stainless_steel_bolt": 1599,
    "chrome_ingot": 1068,
    "constantan_nugget": 1313,
    "brass_crystal": 1341,
    "lithium_plate": 823,
    "graphite_plate": 931,
    "silicon_block": 1845,
    "tin_block": 1847,
    "kyronite_dust": 604,
    "zirconium_nugget": 905,
    "copper_dust": 1180,
    "tin_alloy_rod": 1518,
    "stainless_steel_dust": 1600,
    "fluxalitium_block": 1918,
    "cobalt_bolt": 1395,
    "boron_beam": 841,
    "iridium_alloy_beam": 1117,
    "emeradic_rod": 174,
    "black_quartz_nugget": 197,
    "brass_plate": 1339,
    "cobalt_dust": 1396,
    "yellow_garnet_nugget": 1145,
    "steeleaf_beam": 1873,
    "constantan_block": 1857,
    "steel_ingot": 1320,
    "osgloglas_crystal": 957,
    "diamatine_rod": 150,
    "bismuth_bronze_ingot": 1620,
    "steeleaf_nugget": 1877,
    "lava_crystal_plate": 211,
    "yellow_garnet_bolt": 1143,
    "zirconium_rod": 906,
    "ultimate_crushed_ore": 694,
    "osmium_nugget": 785,
    "ionite_casing": 635,
    "antimony_bolt": 327,
    "zirconium_dust": 904,
    "demonic_metal_nugget": 737,
    "elven_elementium_nugget": 509,
    "enderium_gear": 1382,
    "titanium_iridium_dust": 280,
    "titanium_plate": 1063,
    "redstonia_dust": 124,
    "evil_metal_beam": 769,
    "pig_iron_dust": 1444,
    "tungsten_rod": 1086,
    "zirconium_bolt": 903,
    "osmiridium_block": 1832,
    "antimony_dust": 328,
    "ironwood_block": 1869,
    "yellow_garnet_dust": 1144,
    "void_steel_rod": 1891,
    "crystaltine_block": 1807,
    "brass_dust": 1336,
    "titanium_iridium_bolt": 279,
    "kyronite_bolt": 603,
    "black_steel_block": 1911,
    "malachite_nugget": 449,
    "nichromium_dust": 1708,
    "electrical_rod": 222,
    "erodium_gear": 590,
    "thorium_nugget": 881,
    "draconium_awakened_bolt": 543,
    "enchanted_metal_gear": 722,
    "redstone_plate": 43,
    "spectraclium_ingot": 1740,
    "malachite_gear": 446,
    "boron_dense_plate": 848,
    "brass_bolt": 1335,
    "aquarium_rod": 378,
    "magnalium_ingot": 1524,
    "white_gold_crystal": 1701,
    "spectrite_gear": 1046,
    "nichromium_bolt": 1707,
    "aluminum_crystal": 1209,
    "rose_gold_gear": 1538,
    "white_gold_rod": 1698,
    "galvanized_steel_dense_plate": 860,
    "bismuth_casing": 299,
    "demonic_metal_plate": 739,
    "topaz_nugget": 425,
    "diamond_nugget": 65,
    "nichromium_casing": 1715,
    "draconium_awakened_dust": 544,
    "red_steel_plate": 1591,
    "ardite_dense_plate": 1412,
    "peridot_crystal": 441,
    "crystaltine_casing": 683,
    "elven_elementium_plate": 511,
    "thorium_crushed_ore": 886,
    "redstone_dense_plate": 44,
    "lithium_nugget": 821,
    "blue_steel_bolt": 1575,
    "terrasteel_rod": 498,
    "lava_crystal_rod": 210,
    "kanthal_casing": 1499,
    "coldiron_dust": 340,
    "iridium_alloy_rod": 1122,
    "electrum_flux_dust": 1024,
    "void_crystal_crushed_ore": 166,
    "evil_metal_crystal": 777,
    "tin_casing": 1199,
    "nether_star_dense_plate": 116,
    "aluminum_beam": 1201,
    "osmiridium_crushed_ore": 982,
    "copper_crushed_ore": 1186,
    "lead_bolt": 1227,
    "gaia_dust": 520,
    "bismuth_plate": 295,
    "galvanized_steel_bolt": 855,
    "bismuth_rod": 294,
    "blue_steel_dust": 1576,
    "coldiron_bolt": 339,
    "electrum_flux_bolt": 1023,
    "gaia_bolt": 519,
    "black_bronze_crushed_ore": 1642,
    "ironwood_rod": 1458,
    "titanium_dense_plate": 1064,
    "aluminum_nugget": 1205,
    "refined_glowstone_dense_plate": 812,
    "aethium_gear": 638,
    "refined_glowstone_block": 1818,
    "kyronite_block": 1801,
    "copper_bolt": 1179,
    "quartz_nugget": 29,
    "aquamarine_casing": 251,
    "bismuth_bronze_crystal": 1629,
    "cobalt_brass_dense_plate": 1616,
    "galvanized_steel_dust": 856,
    "pig_iron_gear": 1442,
    "redstone_beam": 37,
    "red_garnet_gear": 1130,
    "aethium_crystal": 645,
    "cobalt_gear": 1394,
    "nichromium_ingot": 1704,
    "starmetal_block": 1770,
    "constantan_ingot": 1308,
    "magnesium_nugget": 869,
    "starsteel_casing": 359,
    "boron_plate": 847,
    "chromodium_casing": 1727,
    "aquamarine_ingot": 240,
    "black_steel_ingot": 1644,
    "blue_steel_nugget": 1577,
    "spectrite_crushed_ore": 1054,
    "refined_glowstone_bolt": 807,
    "knightslime_beam": 1429,
    "ardite_rod": 1410,
    "manganese_plate": 919,
    "enchanted_metal_plate": 727,
    "purple_steel_crystal": 1677,
    "spectraclium_block": 1919,
    "uranium_beam": 889,
    "quartz_ingot": 24,
    "fluxalitium_crystal": 1737,
    "coal_dense_plate": 8,
    "bismuth_bronze_crushed_ore": 1630,
    "sapphire_dust": 460,
    "voidensteel_gear": 1682,
    "ender_block": 1809,
    "dawnstone_crushed_ore": 574,
    "tanzanite_block": 1790,
    "coldiron_crushed_ore": 346,
    "brass_rod": 1338,
    "wrought_iron_dense_plate": 1160,
    "quartz_enriched_iron_casing": 1043,
    "refined_glowstone_dust": 808,
    "ironwood_dense_plate": 1460,
    "evil_metal_crushed_ore": 778,
    "enori_gear": 182,
    "lithium_bolt": 819,
    "niobium_titanium_casing": 1571,
    "enderium_bolt": 1383,
    "emerald_rod": 78,
    "black_quartz_plate": 199,
    "diamond_crushed_ore": 70,
    "osgloglas_crushed_ore": 958,
    "dilithium_plate": 259,
    "gold_plate": 19,
    "litherite_block": 1799,
    "aquamarine_crystal": 249,
    "bronze_crushed_ore": 1294,
    "lead_ingot": 1224,
    "gaia_crushed_ore": 526,
    "signalum_gear": 1358,
    "lithium_dust": 820,
    "adamantine_beam": 313,
    "enderium_dust": 1384,
    "zirconium_crushed_ore": 910,
    "iridium_beam": 1273,
    "chaotic_dust": 556,
    "dawnstone_ingot": 564,
    "coal_ingot": 0,
    "gaia_gear": 518,
    "black_iron_crushed_ore": 670,
    "sapphire_crystal": 465,
    "red_steel_beam": 1585,
    "tin_dust": 1192,
    "obsidian_beam": 97,
    "zinc_nugget": 305,
    "lonsdaleite_bolt": 651,
    "stainless_steel_block": 1907,
    "starsteel_dense_plate": 356,
    "malachite_bolt": 447,
    "mithril_crushed_ore": 1270,
    "niobium_titanium_dense_plate": 1568,
    "spectrite_dust": 1048,
    "black_bronze_nugget": 1637,
    "brass_gear": 1334,
    "pig_iron_crushed_ore": 1450,
    "tungsten_plate": 1087,
    "fluxalitium_gear": 1730,
    "ionite_rod": 630,
    "malachite_dust": 448,
    "mithril_crystal": 1269,
    "demonic_metal_beam": 733,
    "lonsdaleite_casing": 659,
    "lead_crushed_ore": 1234,
    "lonsdaleite_dust": 652,
    "electrical_plate": 223,
    "ardite_casing": 1415,
    "spectrite_bolt": 1047,
    "osmium_beam": 781,
    "blue_steel_gear": 1574,
    "titanium_gear": 1058,
    "tin_ingot": 1188,
    "tanzanite_rod": 474,
    "aquamarine_gear": 242,
    "topaz_beam": 421,
    "red_steel_nugget": 1589,
    "platinum_dust": 1252,
    "invar_gear": 1346,
    "wrought_iron_ingot": 1152,
    "mithril_nugget": 1265,
    "beryllium_plate": 835,
    "refined_obsidian_block": 1817,
    "crystaltine_dust": 676,
    "nichromium_gear": 1706,
    "adamantine_crystal": 321,
    "advanced_alloy_casing": 1115,
    "coal_beam": 1,
    "chromodium_ingot": 1716,
    "platinum_bolt": 1251,
    "spectraclium_gear": 1742,
    "kyronite_ingot": 600,
    "diamond_bolt": 63,
    "white_gold_casing": 1703,
    "coldiron_gear": 338,
    "crystaltine_bolt": 675,
    "red_steel_crushed_ore": 1594,
    "galvanized_steel_gear": 854,
    "peridot_block": 1787,
    "ender_crystal": 705,
    "thorium_beam": 877,
    "copper_gear": 1178,
    "terrasteel_dense_plate": 500,
    "ender_enhanced_crushed_ore": 718,
    "electrical_dust": 220,
    "diamond_dust": 64,
    "chromodium_block": 1917,
    "coal_nugget": 5,
    "erodium_casing": 599,
    "obsidian_casing": 107,
    "knightslime_nugget": 1433,
    "draconium_awakened_casing": 551,
    "crystaltine_gear": 674,
    "manasteel_crystal": 489,
    "spectrite_nugget": 1049,
    "amber_crystal": 417,
    "emeradic_beam": 169,
    "spectrite_rod": 1050,
    "tanzanite_ingot": 468,
    "refined_glowstone_gear": 806,
    "knightslime_crystal": 1437,
    "cobalt_brass_plate": 1615,
    "osmium_rod": 786,
    "iridium_casing": 1283,
    "draconium_casing": 539,
    "electrical_bolt": 219,
    "mercury_crushed_ore": 370,
    "steeleaf_plate": 1879,
    "diamond_plate": 67,
    "tungstensteel_nugget": 1097,
    "coldiron_nugget": 341,
    "nichrome_ingot": 1500,
    "palis_dense_plate": 140,
    "white_gold_beam": 1693,
    "tin_alloy_gear": 1514,
    "nickel_casing": 1247,
    "black_iron_plate": 667,
    "voidensteel_bolt": 1683,
    "dawnstone_nugget": 569,
    "chrome_crushed_ore": 1078,
    "manasteel_nugget": 485,
    "sapphire_dense_plate": 464,
    "malachite_block": 1788,
    "silicon_gear": 1166,
    "magnalium_beam": 1525,
    "chromodium_dense_plate": 1724,
    "quartz_enriched_iron_plate": 1039,
    "manasteel_dense_plate": 488,
    "spectraclium_crystal": 1749,
    "magnesium_crushed_ore": 874,
    "ender_beam": 697,
    "lapis_plate": 55,
    "voidensteel_dust": 1684,
    "electrical_dense_plate": 224,
    "ender_enhanced_casing": 719,
    "purple_steel_nugget": 1673,
    "lead_crystal": 1233,
    "enori_bolt": 183,
    "ender_ingot": 696,
    "starmetal_dense_plate": 236,
    "tin_bolt": 1191,
    "tungsten_dense_plate": 1088,
    "aquamarine_block": 1771,
    "nichromium_block": 1916,
    "purple_steel_dense_plate": 1676,
    "osmium_crushed_ore": 790,
    "knightmetal_rod": 1482,
    "titanium_aluminide_dense_plate": 272,
    "starsteel_beam": 349
  }
}