{
  "savedSubBlockNames": {
    "0": {
      "0": "alumite_block",
      "1": "amber_block",
      "2": "black_steel_block",
      "3": "pladium_block",
      "4": "unstable_block",
      "5": "thorium_block",
      "6": "iridium_block",
      "7": "starsteel_block",
      "8": "obsidian_block",
      "9": "titanium_aluminide_block",
      "10": "quartz_enriched_iron_block",
      "11": "black_bronze_block",
      "12": "wrought_iron_block",
      "13": "enderium_block",
      "14": "red_alloy_block",
      "15": "sapphire_block"
    },
    "1": {
      "0": "mithril_block",
      "1": "osmium_block",
      "2": "copper_block",
      "3": "stainless_steel_block",
      "4": "void_crystal_block",
      "5": "lead_block",
      "6": "aethium_block",
      "7": "osgloglas_block",
      "8": "draconium_block",
      "9": "bismuth_block",
      "10": "moonstone_block",
      "11": "pewter_block",
      "12": "cobalt_block",
      "13": "bismuth_bronze_block",
      "14": "gold_block",
      "15": "magnesium_block"
    },
    "2": {
      "0": "aquarium_block",
      "1": "zinc_block",
      "2": "yellow_garnet_block",
      "3": "lonsdaleite_block",
      "4": "antimony_block",
      "5": "gaia_block",
      "6": "ender_enhanced_block",
      "7": "elven_elementium_block",
      "8": "mercury_block",
      "9": "refined_obsidian_block",
      "10": "purple_steel_block",
      "11": "demonic_metal_block",
      "12": "rose_gold_block",
      "13": "kanthal_block",
      "14": "quartz_block",
      "15": "bronze_block"
    },
    "3": {
      "0": "ruby_block",
      "1": "electrum_block",
      "2": "pig_iron_block",
      "3": "voidensteel_block",
      "4": "tungsten_block",
      "5": "red_garnet_block",
      "6": "emerald_block",
      "7": "dilithium_block",
      "8": "dawnstone_block",
      "9": "cobalt_brass_block",
      "10": "lapis_block",
      "11": "peridot_block",
      "12": "adamantine_block",
      "13": "topaz_block",
      "14": "graphite_block",
      "15": "evil_metal_block"
    },
    "4": {
      "0": "lumium_block",
      "1": "sterling_silver_block",
      "2": "mirion_block",
      "3": "refined_glowstone_block",
      "4": "chromodium_block",
      "5": "kyronite_block",
      "6": "knightslime_block",
      "7": "galvanized_steel_block",
      "8": "tungstensteel_block",
      "9": "aluminum_block",
      "10": "coldiron_block",
      "11": "invar_block",
      "12": "titanium_iridium_block",
      "13": "brass_block",
      "14": "iron_block",
      "15": "black_quartz_block"
    },
    "5": {
      "0": "knightmetal_block",
      "1": "black_iron_block",
      "2": "silicon_block",
      "3": "red_steel_block",
      "4": "starmetal_block",
      "5": "nickel_block",
      "6": "ionite_block",
      "7": "tin_block",
      "8": "draconium_awakened_block",
      "9": "fiery_block",
      "10": "blue_steel_block",
      "11": "fluxalitium_block",
      "12": "ultimate_block",
      "13": "electrum_flux_block",
      "14": "titanium_block",
      "15": "iridium_alloy_block"
    },
    "6": {
      "0": "lithium_block",
      "1": "uranium_block",
      "2": "manasteel_block",
      "3": "nichrome_block",
      "4": "tin_alloy_block",
      "5": "advanced_alloy_block",
      "6": "magnalium_block",
      "7": "spectraclium_block",
      "8": "enori_block",
      "9": "steel_block",
      "10": "lava_crystal_block",
      "11": "spectrite_block",
      "12": "signalum_block",
      "13": "emeradic_block",
      "14": "constantan_block",
      "15": "ender_block"
    },
    "7": {
      "0": "tanzanite_block",
      "1": "diamatine_block",
      "2": "electrical_block",
      "3": "malachite_block",
      "4": "terrasteel_block",
      "5": "niobium_titanium_block",
      "6": "ardite_block",
      "7": "void_steel_block",
      "8": "erodium_block",
      "9": "enchanted_metal_block",
      "10": "platinum_block",
      "11": "boron_block",
      "12": "white_gold_block",
      "13": "redstone_block",
      "14": "chaotic_block",
      "15": "steeleaf_block"
    },
    "8": {
      "0": "redstonia_block",
      "1": "manganese_block",
      "2": "silver_block",
      "3": "diamond_block",
      "4": "chrome_block",
      "5": "palis_block",
      "6": "litherite_block",
      "7": "osmiridium_block",
      "8": "nether_star_block",
      "9": "manyullyn_block",
      "10": "aquamarine_block",
      "11": "zirconium_block",
      "12": "ironwood_block",
      "13": "nichromium_block",
      "14": "beryllium_block",
      "15": "crystaltine_block"
    }
  }
}