{
	"dependencies": "thermalfoundation",
	"populate": {
		"copper": {
			"distribution": "uniform",
			"generator": {
				"block": "thermalfoundation:ore",
				"material": "minecraft:stone",
				"cluster-size": 8
			},
			"cluster-count": 8,
			"min-height": 32,
			"max-height": 128,
			"retrogen": "true",
			"biome": "all",
			"dimension": {
				"restriction": "blacklist",
				"value": [
					-1,
					1
				]
			}
		},
		"tin": {
			"distribution": "uniform",
			"generator": {
				"block": {
					"name": "thermalfoundation:ore",
					"metadata": 1
				},
				"material": "minecraft:stone",
				"cluster-size": 8
			},
			"cluster-count": 7,
			"min-height": 32,
			"max-height": 128,
			"retrogen": "true",
			"biome": "all",
			"dimension": {
				"restriction": "blacklist",
				"value": [
					-1,
					1
				]
			}
		},
		"galena": {
			"distribution": "uniform",
			"generator": {
				"block": "techreborn:ore",
				"material": "minecraft:stone",
				"cluster-size": 4
			},
			"cluster-count": 3,
			"min-height": 0,
			"max-height": 48,
			"retrogen": "true",
			"biome": "all",
			"dimension": {
				"restriction": "blacklist",
				"value": [
					-1,
					1
				]
			}
		},
		"silver": {
			"distribution": "uniform",
			"generator": {
				"block": [
					{
						"name": "thermalfoundation:ore",
						"metadata": 2,
						"weight": 80
					},
					{
						"name": "thermalfoundation:ore",
						"metadata": 3,
						"weight": 20
					}
				],
				"material": "minecraft:stone",
				"cluster-size": 4
			},
			"cluster-count": 3,
			"min-height": 0,
			"max-height": 32,
			"retrogen": "true",
			"biome": "all",
			"dimension": {
				"restriction": "blacklist",
				"value": [
					-1,
					1
				]
			}
		},
		"lead": {
			"distribution": "uniform",
			"generator": {
				"block": [
					{
						"name": "thermalfoundation:ore",
						"metadata": 3,
						"weight": 90
					},
					{
						"name": "thermalfoundation:ore",
						"metadata": 2,
						"weight": 10
					}
				],
				"material": "minecraft:stone",
				"cluster-size": 5
			},
			"cluster-count": 4,
			"min-height": 32,
			"max-height": 48,
			"retrogen": "true",
			"biome": "all",
			"dimension": {
				"restriction": "blacklist",
				"value": [
					-1,
					1
				]
			}
		},
		"nickel": {
			"distribution": "uniform",
			"generator": {
				"block": {
					"name": "thermalfoundation:ore",
					"metadata": 5
				},
				"material": "minecraft:stone",
				"cluster-size": 4
			},
			"cluster-count": 4,
			"min-height": 0,
			"max-height": 32,
			"retrogen": "true",
			"biome": "all",
			"dimension": {
				"restriction": "blacklist",
				"value": [
					-1,
					1
				]
			}
		},
		"copper_ocean": {
			"distribution": "uniform",
			"generator": {
				"block": "thermalfoundation:ore",
				"material": "minecraft:stone",
				"cluster-size": 6
			},
			"cluster-count": 4,
			"min-height": 12,
			"max-height": 32,
			"retrogen": "true",
			"biome": {
				"restriction": "whitelist",
				"value": [
					{
						"type": "dictionary",
						"entry": "OCEAN"
					}
				]
			},
			"dimension": {
				"restriction": "blacklist",
				"value": [
					-1,
					1
				]
			}
		},
		"aluminum": {
			"distribution": "uniform",
			"generator": {
				"block": [
					{
						"name": "thermalfoundation:ore",
						"metadata": 4,
						"weight": 85
					},
					{
						"name": "techreborn:ore",
						"metadata": 4,
						"weight": 15
					}
				],
				"material": "minecraft:stone",
				"cluster-size": 4
			},
			"cluster-count": 5,
			"min-height": 32,
			"max-height": 64,
			"retrogen": "true",
			"biome": "all",
			"dimension": {
				"restriction": "blacklist",
				"value": [
					-1,
					1
				]
			}
		},
		"platinum": {
			"distribution": "uniform",
			"generator": {
				"block": {
					"name": "thermalfoundation:ore",
					"metadata": 6
				},
				"material": "minecraft:stone",
				"cluster-size": 1
			},
			"cluster-count": 1,
			"min-height": 0,
			"max-height": 4,
			"retrogen": "true",
			"biome": "all",
			"dimension": {
				"restriction": "blacklist",
				"value": [
					-1,
					1
				]
			}
		},
		"osmium": {
			"distribution": "uniform",
			"generator": {
				"block": {
					"name": "mekanism:oreblock",
					"metadata": 0
				},
				"material": "minecraft:stone",
				"cluster-size": 5
			},
			"cluster-count": 4,
			"min-height": 32,
			"max-height": 64,
			"retrogen": "true",
			"biome": "all",
			"dimension": {
				"restriction": "blacklist",
				"value": [
					-1,
					1
				]
			}
		},
		"black_quartz": {
			"distribution": "uniform",
			"generator": {
				"block": {
					"name": "actuallyadditions:block_misc",
					"metadata": 3
				},
				"material": "minecraft:stone",
				"cluster-size": 4
			},
			"cluster-count": 4,
			"min-height": 0,
			"max-height": 48,
			"retrogen": "true",
			"biome": "all",
			"dimension": {
				"restriction": "blacklist",
				"value": [
					-1,
					1
				]
			}
		}
	}
}
